product_id,product_name,brand,category,price,stock
P00001,Cheese - Shred Cheddar / Mozza,Midel,voucher,4023.04,48
P00002,Rolled Oats,Vinte,voucher,1121.11,28
P00003,"Veal - Inside Round / Top, Lean",Tagopia,books,1319.63,63
P00004,Wine - Semi Dry Riesling Vineland,Edgeblab,books,4220.1,95
P00005,Chip - Potato Dill Pickle,Dazzlesphere,home goods,1435.12,40
P00006,Glycerine,Yotz,clothing,1152.03,38
P00007,Smoked Paprika,Realfire,clothing,3632.55,92
P00008,Beef - Montreal Smoked Brisket,Feedfire,voucher,4311.82,81
P00009,Food Colouring - Orange,Bluezoom,electronics,1458.74,73
P00010,Ecolab - Mikroklene 4/4 L,Kwilith,clothing,1055.8,93
P00011,Jello - Assorted,Yombu,home goods,1974.74,59
P00012,Wine - Barbera Alba Doc 2001,Meevee,clothing,236.39,96
P00013,Duck - Whole,Realpoint,books,1355.09,83
P00014,Raisin - Golden,Flipstorm,home goods,3646.38,68
P00015,Jam - Apricot,Skaboo,clothing,561.01,56
P00016,Cheese - Gorgonzola,Meevee,books,2858.6,19
P00017,"Wine - Red, Cabernet Merlot",Quatz,books,168.42,100
P00018,Mace Ground,Ainyx,books,1654.07,28
P00019,Artichoke - Fresh,Kare,voucher,2762.17,41
P00020,Asparagus - Mexican,Flipstorm,clothing,3667.48,34
P00021,Pumpkin - Seed,Camimbo,home goods,650.38,37
P00022,Campari,Kimia,voucher,3297.27,94
P00023,Shrimp - Black Tiger 13/15,Jaxbean,voucher,159.62,85
P00024,Syrup - Chocolate,Centimia,home goods,1688.29,87
P00025,"Brownies - Two Bite, Chocolate",Tazzy,electronics,479.19,22
P00026,Onions - Cippolini,Twimm,voucher,4525.43,14
P00027,"Chicken - White Meat, No Tender",Geba,electronics,2381.29,78
P00028,Celery,Latz,home goods,3907.96,8
P00029,Chicken - Wieners,Mydeo,voucher,688.2,83
P00030,Soup - Tomato Mush. Florentine,Zoombox,home goods,1128.29,21
P00031,Fiddlehead - Frozen,Yakidoo,home goods,245.1,22
P00032,Puree - Mocha,Digitube,clothing,1574.32,13
P00033,Bagels Poppyseed,Dabshots,voucher,4128.67,94
P00034,Sardines,Realblab,books,1319.26,95
P00035,Couscous,Flashpoint,electronics,1780.06,79
P00036,Oil - Olive,Skyble,electronics,323.02,86
P00037,Sugar - Individual Portions,Twitterbridge,electronics,4528.1,33
P00038,Lettuce - Arugula,Cogidoo,electronics,212.66,49
P00039,Pumpkin - Seed,Rhyloo,home goods,4120.54,77
P00040,Russian Prince,Meejo,voucher,2210.95,32
P00041,Extract - Rum,Janyx,voucher,611.15,59
P00042,Aspic - Clear,Eayo,clothing,4167.22,64
P00043,Tea - Camomele,Gabspot,electronics,1559.89,87
P00044,Cranberries - Fresh,Eazzy,voucher,493.28,100
P00045,Chocolate Bar - Oh Henry,Fiveclub,voucher,2625.87,60
P00046,"Pasta - Canelloni, Single Serve",Jaloo,home goods,1105.17,2
P00047,Coconut - Whole,Oyope,home goods,3610.78,61
P00048,"Salmon - Atlantic, No Skin",Twitterworks,electronics,3432.62,81
P00049,"Wine - White, Chardonnay",Zoombox,electronics,2444.13,85
P00050,Drambuie,Dynabox,books,2928.37,15
P00051,Cheese - Marble,Kayveo,voucher,2774.83,73
P00052,Sugar - Monocystal / Rock,Jabbercube,voucher,3127.12,25
P00053,Banana - Green,Topiczoom,electronics,1402.49,95
P00054,"Sauce - Gravy, Au Jus, Mix",Lazz,electronics,948.32,89
P00055,Dc - Frozen Momji,Bluejam,voucher,4368.27,14
P00056,Swiss Chard - Red,Wikizz,voucher,1315.5,0
P00057,"Turkey - Whole, Fresh",Shufflester,electronics,1311.57,8
P00058,Containter - 3oz Microwave Rect.,Demizz,clothing,1628.59,81
P00059,Steampan - Half Size Shallow,Quinu,voucher,750.8,56
P00060,Turnip - Wax,Youopia,electronics,427.3,44
P00061,"Vermacelli - Sprinkles, Assorted",Bubblebox,voucher,2273.98,41
P00062,Jameson Irish Whiskey,Jayo,clothing,1185.44,13
P00063,"Tart Shells - Sweet, 2",Innotype,voucher,2897.26,13
P00064,Spinach - Baby,Leenti,voucher,527.88,41
P00065,"Pail - 15l White, With Handle",Eabox,books,3103.99,45
P00066,Food Colouring - Pink,Kwimbee,books,1696.25,15
P00067,Sauce - Marinara,Kazio,books,4397.85,4
P00068,Nantucket - Orange Mango Cktl,Ainyx,home goods,2757.44,81
P00069,Beef Dry Aged Tenderloin Aaa,Skibox,voucher,4045.19,96
P00070,Puree - Pear,Wordpedia,clothing,3468.26,18
P00071,Cumin - Whole,Skyble,home goods,3004.99,15
P00072,Longos - Greek Salad,Jetpulse,books,1401.82,47
P00073,Wine La Vielle Ferme Cote Du,Npath,electronics,1337.11,67
P00074,Sprouts - Corn,Gabtype,clothing,2151.35,82
P00075,Kippers - Smoked,Agivu,home goods,3402.57,69
P00076,Wine - Guy Sage Touraine,Twimbo,voucher,3435.02,1
P00077,"Lamb - Shoulder, Boneless",Babbleopia,voucher,629.71,58
P00078,Pears - Anjou,Jabberstorm,voucher,1241.19,91
P00079,Cleaner - Comet,Realpoint,electronics,1420.98,33
P00080,"Beef - Tongue, Fresh",Zoovu,home goods,3360.72,73
P00081,Beef - Top Butt,Buzzbean,voucher,3067.48,77
P00082,"Roe - Lump Fish, Black",Babbleopia,electronics,3151.7,0
P00083,Cocoa Feuilletine,Dabshots,clothing,898.31,15
P00084,Chinese Foods - Pepper Beef,Twiyo,voucher,2486.06,97
P00085,Schnappes Peppermint - Walker,Zooveo,home goods,2909.9,23
P00086,Longan,Feedmix,books,2974.71,39
P00087,"Pasta - Canelloni, Single Serve",Skipstorm,books,4164.6,67
P00088,"Wine - White, Colubia Cresh",Topicware,voucher,4521.03,74
P00089,Maple Syrup,Fiveclub,electronics,1203.66,93
P00090,Longos - Grilled Veg Sandwiches,Yakidoo,voucher,2838.1,24
P00091,Cheese - Feta,Dabshots,books,2829.12,27
P00092,"Beef - Cooked, Corned",Tavu,books,458.72,80
P00093,"Napkin - Cocktail,beige 2 - Ply",Jetwire,home goods,2721.08,45
P00094,Lettuce - Arugula,Chatterpoint,electronics,2314.35,62
P00095,Pepper - Yellow Bell,Yodel,books,395.46,17
P00096,Pears - Anjou,Babbleblab,home goods,3554.1,40
P00097,"Chicken - Wings, Tip Off",Layo,electronics,3098.85,62
P00098,Mushroom - Portebello,Gigashots,electronics,3566.42,18
P00099,Pork - European Side Bacon,Tagopia,home goods,2486.4,54
P00100,Canadian Emmenthal,Skyndu,electronics,1485.97,77
P00101,"Roe - Lump Fish, Black",Riffpath,home goods,2642.61,67
P00102,Wine - Semi Dry Riesling Vineland,Livetube,books,3244.24,9
P00103,"Bread - Roll, Canadian Dinner",Skinder,clothing,2092.64,63
P00104,Soho Lychee Liqueur,Quatz,electronics,2868.72,42
P00105,Oil - Coconut,Meevee,voucher,1904.07,34
P00106,Cheese - Brie,Youbridge,voucher,1053.03,28
P00107,Glaze - Apricot,Gigaclub,books,3197.21,88
P00108,"Zucchini - Mini, Green",Bubblemix,electronics,1314.06,63
P00109,Island Oasis - Raspberry,Skalith,home goods,2153.5,58
P00110,Kiwi,Aimbu,clothing,1191.38,79
P00111,Sauce - Hollandaise,Dabtype,voucher,3904.86,43
P00112,Creme De Menthe Green,Omba,electronics,583.92,10
P00113,"Beef - Rouladin, Sliced",Skippad,voucher,4343.19,37
P00114,"Chilli Paste, Sambal Oelek",Realblab,voucher,1707.46,77
P00115,"Soup - Beef Conomme, Dry",Flashspan,home goods,2751.75,54
P00116,Filling - Mince Meat,Jabbercube,clothing,3538.34,24
P00117,Honey - Liquid,Meeveo,electronics,271.76,97
P00118,"Syrup - Monin, Irish Cream",Rooxo,home goods,1510.73,44
P00119,Cookies - Amaretto,Tazzy,books,4276.4,20
P00120,Spring Roll Veg Mini,Zoomdog,books,4456.62,93
P00121,Pectin,Browsecat,books,2339.25,46
P00122,Pork - Belly Fresh,Yotz,electronics,394.26,71
P00123,Galliano,Zava,books,1148.36,52
P00124,Coffee Beans - Chocolate,Rhynoodle,books,3447.76,85
P00125,Truffle Shells - Semi - Sweet,Skajo,voucher,3191.43,11
P00126,Pepper - Green Thai,Flashdog,voucher,1615.08,20
P00127,Nut - Macadamia,Aimbu,clothing,4172.54,16
P00128,Beets - Pickled,Vinder,electronics,2476.52,71
P00129,Milk - Buttermilk,Skilith,voucher,497.12,95
P00130,Nantucket Apple Juice,Quinu,home goods,1083.44,13
P00131,Cheese - Parmigiano Reggiano,Podcat,clothing,3729.46,44
P00132,Tomatoes - Yellow Hot House,Photobug,home goods,1938.02,28
P00133,Bread - Bistro Sour,Innojam,clothing,427.98,19
P00134,Plate Foam Laminated 9in Blk,Wikido,voucher,3160.62,18
P00135,Cleaner - Bleach,Voolith,electronics,2454.79,50
P00136,Flour - Rye,Skibox,voucher,159.34,100
P00137,Juice - Lemon,Realblab,books,4257.33,31
P00138,Thyme - Fresh,Skimia,voucher,3371.54,97
P00139,Ham - Cooked,Realbridge,electronics,2873.7,89
P00140,Pastry - Banana Tea Loaf,Zoozzy,voucher,2215.7,64
P00141,Coffee Swiss Choc Almond,Yoveo,clothing,113.66,44
P00142,Stainless Steel Cleaner Vision,Realfire,voucher,901.61,83
P00143,"Soup - Campbells, Classic Chix",Nlounge,books,174.3,73
P00144,French Pastry - Mini Chocolate,Flipstorm,clothing,1805.89,2
P00145,Sprouts - Pea,Photolist,voucher,1822.7,75
P00146,Beer - Molson Excel,Ooba,books,2228.42,78
P00147,Ecolab - Ster Bac,Lazz,electronics,2064.61,63
P00148,Swiss Chard,Twitterlist,voucher,2836.05,4
P00149,Puree - Mocha,Buzzster,voucher,2200.39,77
P00150,Syrup - Monin - Blue Curacao,Wikizz,electronics,4192.76,18
P00151,Plasticforkblack,Tagcat,books,3343.5,75
P00152,Cheese - Swiss Sliced,Skivee,voucher,2625.09,89
P00153,Soup - Campbells,Cogibox,clothing,2555.5,51
P00154,Celery Root,Vinte,electronics,557.64,37
P00155,"Bread - Roll, Italian",Blogtag,electronics,651.75,29
P00156,Lettuce - Iceberg,Fanoodle,electronics,1949.42,33
P00157,"Wine - Magnotta, Merlot Sr Vqa",Livepath,electronics,3995.58,39
P00158,Tomato Paste,Shufflester,books,3030.58,81
P00159,Green Scrubbie Pad H.duty,Cogidoo,clothing,3761.06,77
P00160,Pastry - Mini French Pastries,Browsebug,voucher,2153.54,90
P00161,Wine - Balbach Riverside,Roomm,clothing,1931.83,39
P00162,Shark - Loin,Flipopia,voucher,3401.37,68
P00163,Curry Paste - Green Masala,Flashset,home goods,1220.67,73
P00164,Cheese - St. Paulin,Youspan,voucher,2726.44,93
P00165,"Tuna - Canned, Flaked, Light",Quimba,electronics,3455.02,30
P00166,Lettuce - Baby Salad Greens,Dabshots,voucher,2792.09,21
P00167,Kahlua,Livetube,clothing,4516.15,22
P00168,Jameson Irish Whiskey,Devcast,electronics,2719.79,61
P00169,Curry Paste - Green Masala,Demivee,books,2235.26,75
P00170,Dawn Professionl Pot And Pan,Dabshots,electronics,2260.28,4
P00171,Mix Pina Colada,Vinder,voucher,4490.94,41
P00172,Cookie Double Choco,Dabvine,books,1775.82,42
P00173,Yoplait Drink,Meetz,voucher,4007.77,28
P00174,Energy Drink Bawls,Talane,electronics,3221.11,10
P00175,Pastry - Baked Scones - Mini,Oyonder,books,4160.65,38
P00176,Veal - Nuckle,Katz,home goods,4362.5,81
P00177,Flour - Pastry,Ozu,clothing,1837.5,40
P00178,"Salmon - Smoked, Sliced",Plajo,home goods,2293.09,5
P00179,Curry Powder Madras,Rhyzio,clothing,2943.41,74
P00180,Tomato - Peeled Italian Canned,Flipopia,clothing,2332.34,89
P00181,Soup - Verve - Chipotle Chicken,Zoomdog,home goods,2969.37,34
P00182,Muffin Carrot - Individual,Browsetype,home goods,3548.99,6
P00183,Worcestershire Sauce,Buzzdog,home goods,2662.62,6
P00184,Leeks - Large,Kimia,clothing,183.95,58
P00185,Dc - Frozen Momji,Leexo,books,857.09,1
P00186,Pie Shell - 5,Plambee,voucher,618.4,26
P00187,Egg - Salad Premix,Buzzdog,electronics,3864.4,56
P00188,Calypso - Pineapple Passion,Browsetype,voucher,2975.81,35
P00189,Persimmons,Avamba,home goods,2065.45,86
P00190,Easy Off Oven Cleaner,Meevee,home goods,4213.7,73
P00191,Tia Maria,Camido,clothing,4104.74,26
P00192,Bay Leaf Fresh,Devpoint,clothing,4510.81,42
P00193,Chocolate Eclairs,Realbridge,books,3376.78,25
P00194,Icecream - Dstk Super Cone,Jayo,clothing,3251.08,42
P00195,Truffle Cups - Red,Ooba,books,1917.55,51
P00196,Raspberries - Frozen,Bubblemix,electronics,4446.27,84
P00197,"Mushroom - Enoki, Dry",Realmix,home goods,325.32,9
P00198,"Pasta - Linguini, Dry",Livetube,electronics,662.82,7
P00199,Soup Campbells Beef With Veg,Brainverse,electronics,1134.16,74
P00200,Tea - Honey Green Tea,Bubbletube,home goods,3248.23,42
P00201,Pizza Pizza Dough,Yamia,voucher,2803.6,29
P00202,Ginger - Pickled,Skidoo,voucher,813.89,0
P00203,Honey - Lavender,Demizz,books,3450.02,84
P00204,Wine - Semi Dry Riesling Vineland,Geba,clothing,4172.13,18
P00205,Apple - Royal Gala,Roodel,electronics,1886.3,8
P00206,Turnip - Mini,BlogXS,clothing,4426.11,35
P00207,Lettuce - Boston Bib - Organic,Browsetype,books,3394.75,33
P00208,Fenngreek Seed,Midel,electronics,210.17,68
P00209,Wine - Sicilia Igt Nero Avola,Jabbertype,voucher,2654.63,13
P00210,"Water - Spring Water, 355 Ml",Viva,books,4125.79,10
P00211,Muffin - Mix - Bran And Maple 15l,Rhycero,clothing,1858.29,24
P00212,"Tart Shells - Savory, 4",Voonix,electronics,598.97,6
P00213,Tomatoes,Agivu,books,2656.2,15
P00214,Nantucket - Kiwi Berry Cktl.,Avavee,books,2343.29,78
P00215,"Soup - Campbells, Minestrone",Jabbercube,electronics,3136.26,58
P00216,Milk - Chocolate 500ml,Tagpad,home goods,995.89,20
P00217,Mortadella,Buzzbean,home goods,3716.88,37
P00218,Wine - Soave Folonari,LiveZ,electronics,554.29,41
P00219,"Rum - Coconut, Malibu",Kare,clothing,776.19,17
P00220,Sauce - Sesame Thai Dressing,Browsetype,clothing,2811.65,98
P00221,Crackers - Melba Toast,Vimbo,home goods,2932.41,51
P00222,Steamers White,Lazzy,voucher,2669.54,32
P00223,"Tortillas - Flour, 12",Browsebug,voucher,3108.39,98
P00224,"Shrimp - 16/20, Iqf, Shell On",Edgepulse,clothing,2761.46,34
P00225,"Soup - Knorr, Veg / Beef",Digitube,electronics,1175.71,93
P00226,Salmon Steak - Cohoe 8 Oz,Realblab,home goods,3883.77,83
P00227,Chinese Foods - Thick Noodles,Skinix,electronics,4272.13,5
P00228,"Wine - White, Mosel Gold",Thoughtsphere,electronics,3198.82,16
P00229,Lettuce - Belgian Endive,Meeveo,clothing,1833.8,59
P00230,Beef - Inside Round,Devshare,clothing,2189.09,40
P00231,Hog / Sausage Casing - Pork,Zoozzy,voucher,2093.88,44
P00232,Plasticspoonblack,Katz,books,1136.1,65
P00233,Bread - Raisin Walnut Pull,Mydo,clothing,634.12,5
P00234,Carbonated Water - Raspberry,Trupe,electronics,1573.63,65
P00235,"Juice - Tomato, 10 Oz",Rhybox,electronics,3792.2,51
P00236,Vector Energy Bar,Thoughtmix,clothing,1628.56,13
P00237,Pate - Liver,Brainlounge,books,1665.35,55
P00238,Long Island Ice Tea,Vinte,electronics,2678.42,20
P00239,Squid U5 - Thailand,Centizu,clothing,2916.56,77
P00240,Flower - Potmums,Twitterlist,home goods,2282.46,32
P00241,"Rum - Coconut, Malibu",Skivee,clothing,3770.69,17
P00242,V8 Splash Strawberry Banana,Layo,electronics,3710.02,35
P00243,Beer - Sleeman Fine Porter,Mita,home goods,2735.2,71
P00244,"Wine - Red, Concha Y Toro",Tazzy,books,2047.04,36
P00245,Wine - Chablis 2003 Champs,Divape,books,2656.66,67
P00246,Veal - Osso Bucco,Twiyo,electronics,277.07,35
P00247,Chocolate - Dark,Quamba,books,1123.21,97
P00248,Bread - French Baquette,Oyondu,clothing,3821.43,13
P00249,Wine - Sicilia Igt Nero Avola,Viva,voucher,4171.11,62
P00250,Pork - Bacon Cooked Slcd,Reallinks,home goods,2419.29,28
P00251,Bread - Sour Batard,Realmix,books,1869.43,25
P00252,Five Alive Citrus,Dabtype,clothing,561.77,8
P00253,Cranberry Foccacia,Wikizz,voucher,682.37,48
P00254,Soup Campbells Mexicali Tortilla,Devshare,electronics,2986.99,65
P00255,"Soup - Campbells, Creamy",Eidel,home goods,1512.1,4
P00256,Quiche Assorted,Feedfire,clothing,3262.79,66
P00257,Allspice - Jamaican,Thoughtbeat,electronics,3548.52,14
P00258,Lettuce - Romaine,Skyvu,clothing,2294.68,68
P00259,Tomatoes - Heirloom,Wikido,books,1128.78,81
P00260,Wine - Sauvignon Blanc,Eayo,home goods,4250.55,37
P00261,Venison - Racks Frenched,Thoughtbeat,books,119.79,96
P00262,Cookies - Amaretto,Gabcube,electronics,4117.84,73
P00263,"Veal - Brisket, Provimi,bnls",Realbridge,voucher,3341.9,38
P00264,Chips - Assorted,Eare,electronics,534.97,43
P00265,Water - Evian 355 Ml,Feedfire,electronics,360.9,79
P00266,Chinese Foods - Chicken Wing,Thoughtblab,home goods,3088.57,81
P00267,Garam Masala Powder,Jazzy,clothing,799.26,50
P00268,Ice Cream Bar - Hageen Daz To,Shufflester,home goods,1880.54,67
P00269,Beer - Tetleys,LiveZ,home goods,4054.35,39
P00270,Sugar - Icing,Tagtune,clothing,2728.39,35
P00271,Chips - Doritos,Mynte,clothing,3694.12,54
P00272,Basil - Fresh,Photospace,clothing,3227.2,27
P00273,Red Currant Jelly,Trupe,home goods,2260.87,81
P00274,Cabbage - Red,Avavee,clothing,1123.43,39
P00275,Pastry - Trippleberry Muffin - Mini,Shuffletag,clothing,4214.34,65
P00276,"Beef - Outside, Round",Abatz,voucher,2468.29,52
P00277,Bagel - Everything Presliced,Centizu,voucher,1062.23,73
P00278,Quail Eggs - Canned,Photolist,electronics,2142.99,33
P00279,Lid - 0090 Clear,Kwideo,books,1506.48,93
P00280,Carrots - Jumbo,LiveZ,voucher,4533.35,7
P00281,"Soup - Beef Conomme, Dry",Fadeo,electronics,3296.78,94
P00282,Cocktail Napkin Blue,Dabjam,electronics,3350.73,82
P00283,"Pepper - Paprika, Hungarian",Yabox,clothing,2054.33,85
P00284,Peppercorns - Green,Plambee,home goods,2537.53,90
P00285,"Cheese - Brie, Cups 125g",Aibox,clothing,4215.13,69
P00286,"Juice - Orange, 341 Ml",Twitterbeat,books,2850.39,51
P00287,Spice - Montreal Steak Spice,Devshare,clothing,3868.49,12
P00288,"Trout - Rainbow, Frozen",Skimia,home goods,1248.61,93
P00289,Tart - Raisin And Pecan,Brainsphere,clothing,1618.09,95
P00290,Pastry - Banana Tea Loaf,Vimbo,electronics,3213.12,44
P00291,Foam Tray S2,Meemm,clothing,3499.35,58
P00292,Chicken Giblets,Livetube,clothing,1279.62,67
P00293,Rice - Basmati,InnoZ,electronics,4219,85
P00294,Pineapple - Regular,Roomm,home goods,136.28,41
P00295,"Turkey - Breast, Bone - In",Midel,voucher,1092.9,47
P00296,"Wine - Red, Marechal Foch",Zoomlounge,voucher,4102.04,53
P00297,Spice - Chili Powder Mexican,Skyba,books,3518.36,84
P00298,Ocean Spray - Kiwi Strawberry,Youfeed,electronics,1654.06,42
P00299,Soup Campbells Turkey Veg.,Riffpedia,voucher,1658.04,72
P00300,Broom Handle,Minyx,clothing,4172.79,5
P00301,Campari,Tazz,books,1810.91,92
P00302,Aspic - Amber,Quaxo,clothing,1891.14,66
P00303,Oregano - Fresh,Babbleopia,clothing,4168.14,66
P00304,Tomatoes - Grape,Voonyx,home goods,950.38,2
P00305,Puree - Kiwi,Realbuzz,books,3817.04,73
P00306,Wine - Zinfandel California 2002,Rhycero,clothing,4528.93,86
P00307,Spring Roll Veg Mini,Tagpad,voucher,3964.29,52
P00308,Sunflower Seed Raw,Livefish,clothing,3087.11,61
P00309,Bread - Granary Small Pull,Mynte,electronics,1279.09,22
P00310,Arctic Char - Fillets,Meembee,home goods,652.25,21
P00311,"Basil - Dry, Rubbed",Lazzy,electronics,3364.73,70
P00312,"Tabasco Sauce, 2 Oz",Thoughtbeat,voucher,2705.2,37
P00313,Eggplant - Regular,Vinte,home goods,1988.24,54
P00314,Food Colouring - Green,Quimba,clothing,637.55,8
P00315,Cake - Bande Of Fruit,Kare,home goods,2836.69,11
P00316,Wine - Crozes Hermitage E.,Fliptune,voucher,4506.03,61
P00317,"Doilies - 10, Paper",Cogilith,clothing,1566.96,90
P00318,"Lemonade - Kiwi, 591 Ml",Wordify,home goods,2480.4,11
P00319,Cheese - Victor Et Berthold,Yakidoo,clothing,476,98
P00320,"Tortillas - Flour, 10",Skippad,electronics,958.28,80
P00321,Compound - Strawberry,Rhynyx,electronics,4191.68,50
P00322,Table Cloth 62x120 Colour,Skyba,clothing,1643.31,47
P00323,Asparagus - Frozen,Skajo,books,4547.4,93
P00324,Cheese - Provolone,Vimbo,electronics,586.05,18
P00325,Glycerine,Mita,books,2642.17,29
P00326,"Soup - Canadian Pea, Dry Mix",Topicshots,voucher,2495.81,92
P00327,Rappini - Andy Boy,Dabshots,voucher,3464.55,60
P00328,Yoplait - Strawbrasp Peac,Oyondu,home goods,776.73,91
P00329,Herb Du Provence - Primerba,Jetpulse,voucher,1591.84,33
P00330,Clams - Canned,Thoughtbridge,books,1282.15,78
P00331,Chocolate - Semi Sweet,Wikido,electronics,4377.79,43
P00332,"Noodles - Cellophane, Thin",Trilia,home goods,3097.19,62
P00333,"Soup - Knorr, Country Bean",Linkbridge,home goods,1342.63,11
P00334,Bar Mix - Lemon,Twitternation,home goods,2543.35,88
P00335,Cranberries - Fresh,Yadel,voucher,3718.47,17
P00336,Bread Base - Goodhearth,Zoozzy,electronics,3518.03,84
P00337,Wine - Penfolds Koonuga Hill,Rhynoodle,clothing,3056.07,96
P00338,Milk 2% 500 Ml,Yabox,clothing,4016.33,38
P00339,Stock - Fish,Babbleblab,home goods,3048.17,25
P00340,Onion Powder,Skipstorm,voucher,3169.95,7
P00341,The Pop Shoppe Pinapple,Roombo,clothing,2143.26,72
P00342,"Pasta - Elbows, Macaroni, Dry",Avaveo,clothing,2709.44,51
P00343,Oil - Coconut,Eabox,home goods,2416.55,10
P00344,Island Oasis - Sweet And Sour Mix,Dynabox,books,4218.33,81
P00345,"Yogurt - Peach, 175 Gr",Yodel,home goods,3425.16,68
P00346,Truffle Cups - White Paper,Jayo,electronics,4416.22,64
P00347,Pie Filling - Cherry,Voonix,electronics,1289.72,63
P00348,"Lamb - Leg, Diced",Skiba,home goods,3627.99,73
P00349,Foil - Round Foil,Browsedrive,voucher,1729.42,73
P00350,"Wine - White, Riesling, Henry Of",Brainlounge,books,2919.61,53
P00351,Frangelico,Realpoint,books,3311.61,20
P00352,"Syrup - Golden, Lyles",Voonder,electronics,1517.27,31
P00353,"Lettuce - Mini Greens, Whole",Edgepulse,clothing,2794.79,18
P00354,"Mushroom - Trumpet, Dry",Buzzster,books,118.23,76
P00355,Veal - Nuckle,Photospace,electronics,4244.1,15
P00356,Lamb - Bones,Trilia,electronics,3340.62,80
P00357,Compound - Passion Fruit,Wikivu,electronics,2925.12,4
P00358,"Spoon - Soup, Plastic",Mynte,voucher,3020.15,65
P00359,Honey - Comb,Jabbercube,clothing,3550.53,47
P00360,"Pasta - Shells, Medium, Dry",DabZ,books,2835.2,10
P00361,"Tart Shells - Sweet, 4",Skipstorm,home goods,1827.7,5
P00362,Lemonade - Pineapple Passion,Meemm,clothing,3574.77,38
P00363,Garam Masala Powder,Fliptune,books,3335.03,66
P00364,Lid Coffeecup 12oz D9542b,Thoughtstorm,home goods,4507.52,27
P00365,Whmis Spray Bottle Graduated,Kayveo,clothing,3215.08,84
P00366,Soup - Campbells - Tomato,Gabcube,electronics,1030.5,55
P00367,Chips - Potato Jalapeno,Roodel,books,3779.51,70
P00368,Alize Sunset,Lazzy,voucher,2167.69,1
P00369,"Wine - White, Cooking",Feedspan,voucher,210.02,30
P00370,Wine - Chianti Classico Riserva,Aivee,electronics,3200.98,99
P00371,Rhubarb,Skipstorm,home goods,2166.13,7
P00372,Veal - Provimi Inside,Gigabox,electronics,1202.15,30
P00373,Wine - Charddonnay Errazuriz,Trilia,home goods,838.92,27
P00374,Pail For Lid 1537,Avaveo,books,627.52,20
P00375,"Pail - 15l White, With Handle",Voomm,home goods,1133.89,68
P00376,Calypso - Strawberry Lemonade,Leexo,home goods,853.71,75
P00377,"Coconut - Shredded, Sweet",Oloo,books,600.09,97
P00378,Pepper - Sorrano,Quatz,clothing,1318.12,24
P00379,Sultanas,Tagopia,home goods,291.8,15
P00380,"Bread - Rolls, Rye",Oyondu,voucher,453.96,55
P00381,Wine - Rioja Campo Viejo,Photofeed,clothing,2854.9,54
P00382,Pie Box - Cello Window 2.5,Teklist,books,1065.83,67
P00383,Sour Puss - Tangerine,Gabtune,clothing,308.14,50
P00384,"Doilies - 10, Paper",Edgetag,home goods,3420.11,64
P00385,Chocolate - Mi - Amere Semi,Yotz,home goods,1411.05,11
P00386,Liquid Aminios Acid - Braggs,Digitube,voucher,3136.02,85
P00387,Chicken - Whole,Jazzy,home goods,2038.36,61
P00388,"Cheese - Manchego, Spanish",Talane,clothing,2218.91,84
P00389,"Lemonade - Mandarin, 591 Ml",Twitterworks,clothing,1115.87,45
P00390,Bread - Raisin,BlogXS,books,2849.86,83
P00391,Coffee - Ristretto Coffee Capsule,Jabbersphere,clothing,3647.59,91
P00392,Jam - Raspberry,Twinder,clothing,1401.46,61
P00393,Veal - Slab Bacon,Twitterbeat,books,144.98,14
P00394,Pork - Smoked Kassler,Thoughtstorm,voucher,2800.44,24
P00395,Raspberries - Frozen,Mymm,electronics,2574.19,68
P00396,Flour - Masa De Harina Mexican,Roomm,books,980.68,49
P00397,Wine - Barolo Fontanafredda,Yotz,voucher,622.57,95
P00398,Truffle - Peelings,Meetz,books,3127.53,7
P00399,Salmon Steak - Cohoe 6 Oz,Skipstorm,home goods,3477.17,97
P00400,Pastry - Apple Large,Realfire,home goods,2115.91,29
P00401,Container - Clear 32 Oz,Abata,books,2493.78,46
P00402,Bread - Malt,Vipe,electronics,2741.04,68
P00403,Ecolab - Power Fusion,Eimbee,electronics,2005.28,75
P00404,Bread - Malt,Eabox,clothing,2991.51,89
P00405,Tea - Lemon Green Tea,Skyble,electronics,251.12,99
P00406,Cup - Translucent 7 Oz Clear,Yacero,voucher,1878.4,64
P00407,V8 - Vegetable Cocktail,Trudoo,voucher,2501.75,13
P00408,Miso - Soy Bean Paste,Oyoba,electronics,4377.98,85
P00409,Pastry - Choclate Baked,Katz,clothing,2144.04,96
P00410,Puff Pastry - Slab,Bubbletube,electronics,3173.77,83
P00411,Sauce Bbq Smokey,Brainlounge,voucher,3219.68,59
P00412,Steel Wool S.o.s,Mynte,electronics,1795.82,68
P00413,Cactus Pads,Flipbug,voucher,1000.6,47
P00414,Gatorade - Cool Blue Raspberry,Avamm,electronics,2407.38,40
P00415,Compound - Rum,Tanoodle,home goods,323.1,73
P00416,Sage - Rubbed,Quire,books,904.62,46
P00417,Chips - Doritos,Zoomcast,books,2988.1,5
P00418,"Salmon - Atlantic, Skin On",Trilith,home goods,1829.6,91
P00419,Cookies - Fortune,Tagcat,clothing,4281.76,99
P00420,Soup Campbells - Tomato Bisque,Wordtune,voucher,389.94,3
P00421,Calypso - Strawberry Lemonade,Blogtags,books,1804.95,97
P00422,Jagermeister,Vinder,clothing,807.31,5
P00423,Cheese - Augre Des Champs,Shuffletag,clothing,2567.17,60
P00424,Prunes - Pitted,Linktype,electronics,560.36,24
P00425,Tomato - Plum With Basil,Trudoo,books,3233.87,98
P00426,"Beef - Cooked, Corned",Oyoloo,electronics,566.9,55
P00427,Oven Mitts - 15 Inch,Voolia,voucher,1526.03,78
P00428,Tomato - Peeled Italian Canned,Meeveo,electronics,2472.5,13
P00429,Cookie - Oreo 100x2,Browseblab,electronics,3181.72,93
P00430,Chicken - Whole Fryers,Livefish,electronics,1639.84,2
P00431,Beef - Eye Of Round,Meevee,home goods,4235.32,44
P00432,"Cheese - Cheddar, Medium",Meevee,voucher,393.48,15
P00433,Flower - Carnations,LiveZ,clothing,1738.73,35
P00434,Table Cloth 62x120 Colour,Fivebridge,clothing,4184.05,76
P00435,Cookie Double Choco,Zazio,books,3944.38,27
P00436,"Salmon - Atlantic, No Skin",Shuffledrive,clothing,219.34,62
P00437,Pie Pecan,Mynte,books,332.97,5
P00438,Scallops - 10/20,Skimia,books,1646.9,37
P00439,Ice Cream - Turtles Stick Bar,Kwideo,home goods,126.22,45
P00440,"Fish - Scallops, Cold Smoked",Bubblemix,clothing,1958.96,38
P00441,Wine - Ruffino Chianti,Bluezoom,home goods,2763.92,10
P00442,"Soup - Campbells, Creamy",Voonder,books,1022.3,78
P00443,Salt And Pepper Mix - White,Zoomzone,home goods,2064.6,96
P00444,Veal - Provimi Inside,Bluezoom,electronics,4071.38,8
P00445,"Nut - Almond, Blanched, Sliced",Zava,clothing,2942.79,59
P00446,Pepper - Cayenne,Fatz,electronics,1787.18,61
P00447,"Wine - Red, Antinori Santa",Feedbug,electronics,1397.32,40
P00448,Veal - Eye Of Round,Agimba,home goods,2523.82,94
P00449,Pork - Backfat,Fiveclub,home goods,3407.58,82
P00450,"Carrots - Purple, Organic",Izio,clothing,3022.09,96
P00451,Cheese - Mozzarella,Gigashots,home goods,1374.3,92
P00452,"Capon - Breast, Wing On",Meembee,clothing,2326.87,54
P00453,Ham - Procutinni,Skalith,voucher,493.44,32
P00454,Sea Bass - Whole,Realmix,clothing,1269.54,82
P00455,Mini - Vol Au Vents,Realfire,books,2480.91,67
P00456,Bols Melon Liqueur,Linklinks,clothing,1992.24,32
P00457,Beans - Fine,Dynazzy,clothing,3087.11,89
P00458,Dc Hikiage Hira Huba,Flashset,electronics,4466.46,95
P00459,"Lamb - Whole, Frozen",Linklinks,books,1449.31,32
P00460,"Olives - Black, Pitted",Youbridge,electronics,658.73,49
P00461,Piping Jelly - All Colours,Dabvine,voucher,3744.98,34
P00462,Wine - Chablis J Moreau Et Fils,Jaloo,voucher,1096.16,56
P00463,Beef - Eye Of Round,Voolith,electronics,1486.63,57
P00464,Juice - Cranberry 284ml,Fanoodle,books,2854.01,42
P00465,Pork - Caul Fat,Linktype,books,4375.84,36
P00466,Bread - Sour Batard,Livepath,clothing,588.99,74
P00467,"Lemonade - Kiwi, 591 Ml",Tazzy,clothing,2058.97,80
P00468,Croissants Thaw And Serve,Fivespan,electronics,3601.22,5
P00469,Tandoori Curry Paste,Wikido,clothing,2713.13,48
P00470,"Cheese - Cheddar, Mild",Devpulse,voucher,3131.65,54
P00471,Apple - Fuji,Yoveo,electronics,4108.13,90
P00472,"Wine - White, Lindemans Bin 95",Yacero,clothing,3816.71,77
P00473,"Iced Tea - Lemon, 340ml",Zoombox,books,2878.84,80
P00474,Dip - Tapenade,Skiba,clothing,553.37,67
P00475,Clam Nectar,Devbug,electronics,3142.4,80
P00476,Roe - White Fish,Plajo,home goods,1870.34,28
P00477,Stock - Fish,Avavee,clothing,1092.5,49
P00478,Soup - Base Broth Chix,Voonte,clothing,978.2,46
P00479,"Beans - Kidney, Canned",Skiptube,books,405.33,56
P00480,Appetizer - Escargot Puff,Topicstorm,clothing,3512.04,30
P00481,Lobster - Cooked,Brainbox,home goods,3946.03,62
P00482,"Wine - White, Schroder And Schyl",Plajo,home goods,1565.65,30
P00483,Radish,Tavu,clothing,3597.4,88
P00484,Chocolate - Mi - Amere Semi,Twimbo,voucher,706.92,23
P00485,Beets - Golden,Wordtune,books,1362.57,3
P00486,Baking Soda,Oyope,voucher,2981.67,1
P00487,Apple - Custard,Photolist,clothing,4087.13,59
P00488,Longos - Greek Salad,Quimm,electronics,359.38,39
P00489,V8 - Vegetable Cocktail,Yata,electronics,3238.83,51
P00490,Kohlrabi,Youspan,electronics,3362.33,23
P00491,Pastry - French Mini Assorted,Rhycero,clothing,4424.62,78
P00492,Lumpfish Black,Meembee,electronics,3889.16,64
P00493,Appetizer - Asian Shrimp Roll,Izio,electronics,2838.77,32
P00494,"Cheese - Cheddar, Medium",Youopia,electronics,1072.18,24
P00495,Puff Pastry - Slab,Fivebridge,clothing,2077.18,32
P00496,"Oil - Olive, Extra Virgin",Yabox,electronics,2564.92,37
P00497,"Soup - Knorr, Ministrone",Yombu,home goods,4060.37,17
P00498,Lamb - Loin Chops,Youfeed,home goods,2858.83,48
P00499,Kellogs Special K Cereal,Youtags,books,2022.96,90
P00500,"Veal - Shank, Pieces",Twimm,books,4276.01,12
P00501,Chocolate Bar - Reese Pieces,Jabberstorm,home goods,4198.54,82
P00502,Muffin Batt - Blueberry Passion,Demizz,voucher,4087.43,41
P00503,Squeeze Bottle,Bluejam,electronics,1492.37,62
P00504,Sole - Iqf,Photofeed,clothing,2308.12,55
P00505,Wooden Mop Handle,Flashdog,voucher,524.03,33
P00506,Cheese - Brick With Pepper,Skaboo,electronics,1472.69,57
P00507,Cookies - Englishbay Wht,Youopia,home goods,2545.78,86
P00508,Bagel - Everything Presliced,Oyoba,voucher,3134.03,71
P00509,Energy Drink - Redbull 355ml,Flipstorm,home goods,2363.05,60
P00510,Cheese - Ermite Bleu,Aivee,books,3516.66,66
P00511,Shrimp - Black Tiger 8 - 12,Rooxo,voucher,1144.57,32
P00512,Calypso - Strawberry Lemonade,Twitterworks,books,3128.9,24
P00513,Food Colouring - Red,Topiclounge,clothing,3936.34,80
P00514,"Bread - Bagels, Plain",Feedfish,voucher,521.95,88
P00515,Pants Custom Dry Clean,Skiba,voucher,253.94,69
P00516,"Arctic Char - Fresh, Whole",Zoomlounge,books,4118.27,100
P00517,Wheat - Soft Kernal Of Wheat,Jaxnation,books,253.93,57
P00518,Sour Cream,Vipe,voucher,393.82,74
P00519,Wood Chips - Regular,Yodel,electronics,1898.59,42
P00520,Pepper - Cayenne,Zooxo,books,192.29,28
P00521,"Pepper - Black, Whole",Skiba,voucher,319.79,26
P00522,Sandwich Wrap,Avaveo,voucher,3773.85,80
P00523,"Lid - 10,12,16 Oz",Miboo,clothing,1357.56,11
P00524,Coffee - Decafenated,Edgeify,books,1222.5,15
P00525,"Beans - Black Bean, Preserved",Rhybox,electronics,3132.22,2
P00526,"Crush - Grape, 355 Ml",Ntags,voucher,2799.09,87
P00527,"Nut - Chestnuts, Whole",Yozio,electronics,226.38,86
P00528,Cornish Hen,Jazzy,voucher,1402.15,17
P00529,Green Tea Refresher,Fivebridge,books,2247.73,68
P00530,Squid U5 - Thailand,Tanoodle,voucher,3871.82,84
P00531,Yukon Jack,Zoonoodle,voucher,2324.32,33
P00532,Leeks - Large,Skipstorm,clothing,2571.03,62
P00533,Extract - Rum,Twimbo,home goods,3566.98,65
P00534,Ecolab Digiclean Mild Fm,Pixope,books,4318.14,73
P00535,Beef - Top Butt,Oloo,books,476.58,16
P00536,Cake - Night And Day Choclate,Meevee,voucher,411.29,55
P00537,Cakes Assorted,Browsedrive,electronics,339.12,22
P00538,Ginsing - Fresh,Linkbuzz,electronics,4390.87,11
P00539,Wine - Peller Estates Late,Jazzy,books,2204.63,83
P00540,Pepper - Orange,Browsebug,books,3094.01,1
P00541,Olive - Spread Tapenade,Zoombox,home goods,462.8,74
P00542,"Appetizer - Mini Egg Roll, Shrimp",Katz,home goods,1469.95,17
P00543,Muffin Mix - Lemon Cranberry,Voonder,books,686.14,50
P00544,Peach - Halves,Yadel,electronics,4423.43,2
P00545,"Rosemary - Primerba, Paste",Browseblab,books,4536.61,53
P00546,Turkey - Ground. Lean,Skinix,clothing,824.78,95
P00547,Nantucket Apple Juice,Aivee,electronics,887.31,97
P00548,Jack Daniels,Roodel,books,2184.23,92
P00549,Vinegar - White,Leexo,electronics,2079.26,90
P00550,Muffin Hinge - 211n,Pixonyx,voucher,2746.6,94
P00551,Dish Towel,Twimm,books,1901.79,57
P00552,Celery Root,Wikizz,home goods,4239.62,40
P00553,Cinnamon Buns Sticky,Tambee,voucher,3515.51,74
P00554,"Leeks - Baby, White",Zooxo,home goods,2690.22,75
P00555,Bread - Pain Au Liat X12,Dabshots,books,2502.61,62
P00556,Cheese - Blue,Fadeo,electronics,3999.95,11
P00557,"Mushroom - Trumpet, Dry",Riffpedia,clothing,4261.42,30
P00558,Wine - Vovray Sec Domaine Huet,Brainsphere,books,3485,72
P00559,Chocolate - Feathers,Brainverse,clothing,2221.94,0
P00560,Haggis,Kazio,home goods,369.99,77
P00561,Trueblue - Blueberry 12x473ml,Realcube,clothing,823.28,85
P00562,Beets,Leexo,voucher,593.29,94
P00563,Mackerel Whole Fresh,Skipstorm,clothing,392.26,52
P00564,Hummus - Spread,Wordware,home goods,4148.93,68
P00565,Sugar - Cubes,Meevee,home goods,1188.92,41
P00566,Gatorade - Cool Blue Raspberry,BlogXS,books,1132.06,51
P00567,"Beef - Tongue, Cooked",Snaptags,books,3298.03,89
P00568,Beer - Sleemans Cream Ale,Latz,clothing,1097.71,17
P00569,"Pasta - Spaghetti, Dry",Quimm,clothing,878.22,11
P00570,Wine - Peller Estates Late,Fadeo,clothing,1133.36,69
P00571,"Carrots - Mini, Stem On",Janyx,voucher,4090.83,24
P00572,Wine - Taylors Reserve,Ntags,home goods,3437.41,89
P00573,"Crab - Blue, Frozen",Feedbug,voucher,2362.66,74
P00574,"Jam - Blackberry, 20 Ml Jar",Avaveo,clothing,1947.17,3
P00575,Bagelers,Jaxnation,home goods,3301.04,89
P00576,Raisin - Dark,Dabshots,clothing,3306.03,3
P00577,Arizona - Plum Green Tea,Voonyx,home goods,4535.33,12
P00578,"Pork - Butt, Boneless",Fadeo,electronics,2781.98,92
P00579,Clam Nectar,Rhynyx,home goods,1928.27,79
P00580,Sugar - Crumb,Twitterbridge,books,1350.42,20
P00581,Currants,Quinu,home goods,2169.52,55
P00582,Dill Weed - Fresh,Trunyx,electronics,212.66,76
P00583,"Lemonade - Black Cherry, 591 Ml",Agimba,books,2062.36,77
P00584,Nescafe - Frothy French Vanilla,Buzzster,books,3898.77,9
P00585,"Seedlings - Mix, Organic",Trudoo,voucher,2306.37,90
P00586,Nectarines,Nlounge,clothing,1855.39,60
P00587,Assorted Desserts,Jetpulse,home goods,2955.15,33
P00588,Rambutan,Kwilith,voucher,714.57,47
P00589,Soup - Campbells Tomato Ravioli,Trunyx,voucher,1507.85,40
P00590,Turnip - Mini,Meejo,voucher,4138.02,83
P00591,Olives - Nicoise,Mycat,electronics,3436.12,65
P00592,Carbonated Water - Lemon Lime,Jaxworks,electronics,2559.7,16
P00593,Hummus - Spread,Jabbercube,clothing,2946.4,67
P00594,Bacardi Limon,Wikivu,voucher,971.05,37
P00595,Wine - Beringer Founders Estate,Skiba,electronics,4443.13,13
P00596,Slt - Individual Portions,Leenti,electronics,4267.21,89
P00597,Table Cloth 62x120 Colour,Aimbu,electronics,871.91,18
P00598,Longos - Penne With Pesto,Voonix,clothing,497.44,39
P00599,Seedlings - Clamshell,Topicblab,books,4051.84,99
P00600,"Roe - Lump Fish, Black",Gigazoom,electronics,1729.36,26
P00601,Uniform Linen Charge,Realblab,clothing,3650.1,59
P00602,Sauce - Marinara,Topicblab,home goods,2399.5,0
P00603,"Champagne - Brights, Dry",Oba,home goods,3482.83,98
P00604,Goat - Leg,Yotz,books,2276.12,17
P00605,"Oil - Truffle, White",Yacero,electronics,3574.76,99
P00606,Evaporated Milk - Skim,Jaxnation,home goods,2193.86,41
P00607,Glaze - Clear,Talane,clothing,4490.39,12
P00608,Cheese - Swiss,Devbug,books,4534.29,42
P00609,Rootbeer,Skalith,books,2642.59,19
P00610,Flower - Carnations,Quinu,clothing,1224.77,8
P00611,Butter - Pod,Zooxo,clothing,4383.21,34
P00612,Sultanas,Livetube,voucher,2211.24,64
P00613,Fish - Bones,Yotz,home goods,1906.36,10
P00614,Macaroons - Two Bite Choc,Podcat,books,1168.08,77
P00615,"Nut - Walnut, Chopped",Leenti,books,3432.36,61
P00616,Chef Hat 20cm,Vimbo,electronics,3488.19,76
P00617,Sobe - Berry Energy,Trudeo,clothing,2859.19,55
P00618,Potatoes - Parissienne,Rhybox,electronics,1159.51,63
P00619,"Roe - Lump Fish, Black",Ntag,electronics,4386.81,80
P00620,Couscous,Twimbo,books,1127.34,19
P00621,Magnotta - Bel Paese White,Mybuzz,home goods,256.28,99
P00622,Wine - Stoneliegh Sauvignon,Talane,clothing,2171.25,7
P00623,Ecolab Silver Fusion,Aivee,voucher,3546.13,16
P00624,Paper - Brown Paper Mini Cups,Devpulse,electronics,1369.4,66
P00625,"Bread - Pumpernickle, Rounds",Zooxo,voucher,678.07,65
P00626,Bols Melon Liqueur,Realblab,clothing,662.89,19
P00627,Onions Granulated,Meejo,home goods,1954.84,55
P00628,"Pasta - Fett Alfredo, Single Serve",Pixoboo,books,2772.39,98
P00629,Wine - Shiraz Wolf Blass Premium,Abatz,home goods,4478.22,36
P00630,"Leeks - Baby, White",Lajo,books,455.83,50
P00631,Blueberries - Frozen,Yakitri,books,2887,25
P00632,Greens Mustard,Devshare,home goods,2829.92,61
P00633,Mayonnaise - Individual Pkg,Cogidoo,books,3492.5,69
P00634,Appetizer - Mushroom Tart,Jaxnation,books,4480.72,63
P00635,Sobe - Green Tea,Babblestorm,voucher,3808.34,33
P00636,Carrots - Jumbo,Skimia,voucher,2632.59,72
P00637,Peas Snow,Kazu,home goods,2181.89,45
P00638,"Soup - Canadian Pea, Dry Mix",Jayo,electronics,466.49,37
P00639,Mushroom - Crimini,Youfeed,home goods,1644.67,19
P00640,Bread Base - Italian,Zoombox,home goods,2667.76,10
P00641,"Fish - Soup Base, Bouillon",Photofeed,electronics,1956.18,16
P00642,Bay Leaf,Gigazoom,clothing,200.1,97
P00643,Wine - Prem Select Charddonany,Geba,books,3888.24,77
P00644,Soup - Campbells Chili,Rhycero,voucher,3079.29,29
P00645,Pork - European Side Bacon,Photobean,electronics,1428.16,60
P00646,Tumeric,Rhyloo,home goods,3156.18,85
P00647,Potatoes - Peeled,Skyba,clothing,3234.63,19
P00648,Soho Lychee Liqueur,Yoveo,electronics,1972.05,70
P00649,Yams,Realbridge,electronics,2417.65,53
P00650,Dragon Fruit,Zoombox,clothing,4394.91,16
P00651,Ham - Black Forest,LiveZ,electronics,3857.46,17
P00652,Curry Powder Madras,Eadel,home goods,2335.44,73
P00653,Wine - Ej Gallo Sonoma,Skiptube,clothing,2112.05,62
P00654,Creme De Menth - White,Quatz,voucher,4266.96,3
P00655,Cape Capensis - Fillet,Skidoo,home goods,300,87
P00656,Sugar - Invert,Dynazzy,clothing,4318.63,53
P00657,Pate - Peppercorn,Jayo,books,1391.52,46
P00658,"Cheese - Manchego, Spanish",Skajo,electronics,980.17,28
P00659,Mustard - Seed,Roombo,electronics,2691.76,17
P00660,"Wine - White, French Cross",Zava,home goods,2088.21,48
P00661,Steam Pan - Half Size Deep,Topicware,books,213.26,17
P00662,Wine - Pinot Grigio Collavini,Tazz,books,1770.56,34
P00663,Bread - Pain Au Liat X12,Quinu,voucher,452.75,28
P00664,Icecream Cone - Areo Chocolate,Browseblab,home goods,4153.07,52
P00665,"Wine - Sherry Dry Sack, William",Rhynyx,electronics,1797.39,78
P00666,"Juice - Orange, 341 Ml",Eadel,clothing,2098.21,95
P00667,"Vermouth - White, Cinzano",Einti,clothing,3511.5,25
P00668,Creme De Banane - Marie,Skyndu,electronics,3189.35,1
P00669,"Wine - Red, Antinori Santa",Ozu,voucher,3229.73,70
P00670,Couscous,Bubblemix,electronics,1405.67,88
P00671,Shrimp - Black Tiger 6 - 8,Jaxworks,clothing,541.73,81
P00672,V8 - Vegetable Cocktail,Linktype,home goods,4283.11,98
P00673,Thyme - Dried,Jaloo,home goods,1369.32,99
P00674,"Wine - Red, Cabernet Merlot",Rhyzio,clothing,3062.94,4
P00675,Lychee - Canned,Devpulse,electronics,755.11,83
P00676,Bread - White Mini Epi,Gevee,voucher,2507.15,41
P00677,"Soup - Campbells, Beef Barley",Plajo,books,319.56,97
P00678,Boogies,Plambee,clothing,1221.61,76
P00679,Tomato - Plum With Basil,Blognation,home goods,1352.42,67
P00680,Petite Baguette,Voomm,voucher,4173.29,76
P00681,Sansho Powder,Buzzdog,home goods,704.79,4
P00682,Appetizer - Crab And Brie,Teklist,voucher,947.92,29
P00683,Trueblue - Blueberry Cranberry,Fivespan,home goods,3997.57,12
P00684,Sprouts - Bean,Shufflester,electronics,765.36,88
P00685,Vinegar - Cider,Linklinks,clothing,2524.13,74
P00686,Gatorade - Fruit Punch,Edgeify,electronics,2400.51,10
P00687,Pastry - Raisin Muffin - Mini,Gigabox,voucher,1715.8,51
P00688,Beef Tenderloin Aaa,Zoonder,voucher,4129.29,87
P00689,Cookie Trail Mix,Meedoo,books,778.42,2
P00690,Bread - Malt,Reallinks,home goods,1385.43,31
P00691,Cloves - Whole,Flipbug,books,2474.59,55
P00692,"Chicken - White Meat, No Tender",Demizz,home goods,2718.46,65
P00693,Chinese Foods - Pepper Beef,Realcube,electronics,4215.06,88
P00694,Pepper - Sorrano,Oloo,books,3684.56,46
P00695,"Tray - Foam, Square 4 - S",Jetpulse,clothing,1008.02,34
P00696,Cut Wakame - Hanawakaba,Pixonyx,voucher,3204.54,66
P00697,Table Cloth 54x54 White,Flashpoint,electronics,2353.73,48
P00698,Coriander - Seed,Izio,electronics,3728.28,48
P00699,Graham Cracker Mix,Skipstorm,clothing,4489.56,98
P00700,Foil Cont Round,Kwimbee,electronics,3089.78,85
P00701,Lettuce - Arugula,Skinix,electronics,1084.27,70
P00702,Raspberries - Frozen,Linkbridge,voucher,999.16,99
P00703,V8 - Vegetable Cocktail,Skinder,clothing,4175.12,48
P00704,Tomato - Green,Demivee,electronics,1333.44,18
P00705,Cheese - Pont Couvert,Jabbercube,clothing,3459.46,86
P00706,Pastry - Butterscotch Baked,Gabvine,home goods,3823.47,12
P00707,Juice - Orange,Eadel,clothing,3249.85,51
P00708,Chips - Miss Vickies,Chatterbridge,home goods,3851.59,43
P00709,Buffalo - Tenderloin,Cogibox,voucher,497.86,87
P00710,Lime Cordial - Roses,Flashpoint,clothing,2320.76,91
P00711,Gooseberry,Aimbo,books,1607.97,20
P00712,Lady Fingers,Aivee,books,1913.71,55
P00713,Wine - Cotes Du Rhone,Oyoba,home goods,4140.03,7
P00714,Bag Clear 10 Lb,Photojam,voucher,1419.62,62
P00715,Container - Clear 32 Oz,Rhynoodle,books,4247.94,59
P00716,Venison - Liver,Demimbu,voucher,4112.9,49
P00717,"Roe - Lump Fish, Black",Youfeed,books,3546.85,7
P00718,Pork - Backfat,Jabbercube,electronics,1622.37,73
P00719,"Pepper - White, Ground",Agimba,voucher,2337.31,4
P00720,Chocolate - Dark Callets,Fatz,clothing,1591.81,60
P00721,Chips - Potato Jalapeno,Quinu,clothing,458.2,22
P00722,Wine - Hardys Bankside Shiraz,Chatterpoint,home goods,1151.18,24
P00723,Wine - Marlbourough Sauv Blanc,Kaymbo,books,1777.87,73
P00724,Wine - Port Late Bottled Vintage,Linktype,electronics,2454.99,82
P00725,Clam - Cherrystone,Blogpad,books,3740.98,34
P00726,Orange - Tangerine,Blogpad,clothing,1776.85,77
P00727,Ecolab - Ster Bac,Eadel,clothing,2613.31,25
P00728,Shichimi Togarashi Peppeers,Bubblebox,voucher,2710.09,85
P00729,Tea - Apple Green Tea,Tavu,voucher,3424.3,72
P00730,Flower - Carnations,Bubblebox,voucher,1204.73,32
P00731,"Split Peas - Yellow, Dry",Livepath,home goods,577.9,52
P00732,"Napkin - Dinner, White",Topicblab,clothing,1278.24,71
P00733,"Soup - Knorr, Veg / Beef",Skaboo,clothing,2284.46,65
P00734,Beer - Camerons Auburn,Twinder,books,3652.61,48
P00735,Tomato Puree,Mymm,clothing,4145.71,7
P00736,Roe - Flying Fish,Youtags,home goods,3519.57,100
P00737,Flower - Leather Leaf Fern,Skyble,books,554.66,24
P00738,Sansho Powder,Latz,electronics,4446.7,71
P00739,Bread - Pita,Brainsphere,electronics,1458.4,50
P00740,"Bread - Rolls, Rye",Babbleopia,voucher,2442.7,50
P00741,Table Cloth - 53x69 Colour,Gigashots,clothing,2533.77,14
P00742,"Pepper - Paprika, Hungarian",Leexo,books,1541.46,3
P00743,Squid Ink,Dablist,books,2445.51,49
P00744,Muffin Chocolate Individual Wrap,Skajo,electronics,2038.38,30
P00745,Onions - Spanish,Teklist,clothing,644.47,98
P00746,"Syrup - Monin, Swiss Choclate",Browsecat,voucher,2651.32,63
P00747,"Cup - 3.5oz, Foam",Pixonyx,electronics,3602.87,44
P00748,"Salt - Rock, Course",Tambee,electronics,1232.85,45
P00749,Beans - Kidney White,Twitterwire,books,442.44,31
P00750,"Fish - Base, Bouillion",Divape,voucher,1398.09,25
P00751,Sherry - Dry,Quatz,home goods,4039.75,6
P00752,Tea - Black Currant,Oodoo,clothing,676.75,79
P00753,"Nestea - Ice Tea, Diet",Skibox,books,738.79,29
P00754,Beef Cheek Fresh,Thoughtbridge,home goods,2191.66,69
P00755,"Vermacelli - Sprinkles, Assorted",Kwinu,voucher,3842.22,58
P00756,Chick Peas - Dried,Aimbu,voucher,3304.37,19
P00757,Beef Striploin Aaa,Oyondu,books,2476.82,87
P00758,Table Cloth 54x72 White,Zoombeat,electronics,2547.2,86
P00759,Sausage - Andouille,Podcat,home goods,2394.53,5
P00760,Wine - Placido Pinot Grigo,Edgeclub,home goods,1394.18,89
P00761,Arrowroot,Kare,books,439.52,13
P00762,"Squash - Pattypan, Yellow",Mita,home goods,589.81,50
P00763,Wine - Peller Estates Late,Avavee,voucher,2359.55,69
P00764,Mushroom - Porcini Frozen,Browseblab,clothing,1783.65,27
P00765,Coffee - 10oz Cup 92961,Twimm,voucher,1110.9,79
P00766,Water - Green Tea Refresher,Jaxspan,home goods,3064.27,3
P00767,Bagel - 12 Grain Preslice,Oyope,electronics,1153.39,88
P00768,Crackers - Water,Quinu,clothing,1601.71,65
P00769,Muskox - French Rack,Flashset,books,981.78,81
P00770,Plasticknivesblack,Kwimbee,voucher,2462.82,27
P00771,Butter - Pod,Oyoloo,home goods,923.22,65
P00772,Shortbread - Cookie Crumbs,Devpoint,clothing,4489.08,20
P00773,Oneshot Automatic Soap System,Jamia,books,2056.01,23
P00774,Venison - Denver Leg Boneless,Jamia,books,3059.13,3
P00775,"Sauce - Gravy, Au Jus, Mix",Thoughtbeat,books,1844.66,87
P00776,"Juice - Orange, 341 Ml",BlogXS,books,2395.88,66
P00777,Soup - Base Broth Chix,Divanoodle,home goods,2674.19,29
P00778,Garlic,Quire,clothing,3624.05,1
P00779,"Halibut - Whole, Fresh",Twiyo,electronics,4378.8,29
P00780,Tomato Puree,Quimm,electronics,3364.72,3
P00781,"Shrimp - 16/20, Peeled Deviened",Ailane,home goods,425.79,48
P00782,Oregano - Fresh,Yozio,books,4450.08,78
P00783,Crackers - Graham,Thoughtblab,home goods,1350.22,56
P00784,Beets - Mini Golden,Topiczoom,voucher,4067.03,10
P00785,Napkin Colour,Eare,electronics,226.82,55
P00786,"Pasta - Lasagna Noodle, Frozen",Brightbean,books,317.29,75
P00787,Lid Tray - 16in Dome,Edgewire,clothing,2823.73,36
P00788,Creme De Menth - White,Centidel,electronics,359.95,39
P00789,Beer - Camerons Cream Ale,Browseblab,books,1508.56,68
P00790,Sloe Gin - Mcguinness,Babblestorm,clothing,3571.88,67
P00791,Bread - Raisin Walnut Oval,Skinder,books,1600.18,1
P00792,Milk - Buttermilk,Yakidoo,clothing,3243.6,3
P00793,Wine - Marlbourough Sauv Blanc,Quinu,home goods,2323.63,18
P00794,Duck - Legs,Quinu,books,4397.28,43
P00795,"Shrimp - 16/20, Peeled Deviened",Roombo,home goods,2557.87,84
P00796,Island Oasis - Wildberry,Gigabox,books,927.2,60
P00797,Scallops - 20/30,Realpoint,home goods,255.55,84
P00798,Sherbet - Raspberry,Buzzbean,electronics,4407.16,53
P00799,Truffle - Peelings,Thoughtworks,home goods,1432.05,60
P00800,Cactus Pads,Skyndu,home goods,2258.43,21
P00801,Soup - Cream Of Broccoli,Photolist,clothing,3620.3,67
P00802,Onions - Vidalia,Voonyx,home goods,2493.55,17
P00803,Cake - Box Window 10x10x2.5,Reallinks,voucher,659.35,61
P00804,Truffle Cups - White Paper,Mydo,books,1028.1,49
P00805,Parsley - Fresh,Gigazoom,books,608.26,36
P00806,Gatorade - Cool Blue Raspberry,Shufflebeat,electronics,295.53,27
P00807,Tea - Vanilla Chai,Skivee,clothing,686.27,98
P00808,"Water - Mineral, Carbonated",Twiyo,electronics,907.33,56
P00809,Chocolate Eclairs,Wordtune,voucher,350.95,30
P00810,Fenngreek Seed,Voomm,books,3370.23,79
P00811,"Tomatoes - Diced, Canned",Quamba,electronics,1258.79,86
P00812,Container Clear 8 Oz,Innotype,voucher,2941.07,64
P00813,Pasta - Angel Hair,Edgetag,clothing,450.94,10
P00814,Rice - Brown,Divape,clothing,3491.75,91
P00815,Ice Cream - Chocolate,Tagopia,home goods,4445.11,31
P00816,Onions - Red,Edgeblab,clothing,2468.76,83
P00817,"Lemonade - Black Cherry, 591 Ml",Tagpad,voucher,3200.16,8
P00818,Herb Du Provence - Primerba,Lajo,electronics,2790.57,52
P00819,Radish - Pickled,Roombo,books,2156.3,76
P00820,Towel Multifold,Dynabox,voucher,4376,2
P00821,"Pork - Bacon, Sliced",Yodel,voucher,2031.82,70
P00822,Whmis Spray Bottle Graduated,Fatz,books,2018.46,15
P00823,"Vodka - Lemon, Absolut",Jabbercube,electronics,586.49,12
P00824,Sauce - Soy Low Sodium - 3.87l,Kanoodle,home goods,688.83,28
P00825,"Apple - Delicious, Red",Edgewire,books,4266.84,5
P00826,Juice - Lime,Brainbox,books,2901.83,48
P00827,Pepper - Sorrano,Abatz,books,1166.67,74
P00828,Cheese - Le Cheve Noir,Feedspan,electronics,3397.85,65
P00829,Smoked Tongue,Jabberstorm,electronics,1802.4,60
P00830,Wine - Barolo Fontanafredda,Zoombox,electronics,2332.29,56
P00831,Ocean Spray - Ruby Red,Flashpoint,clothing,3517.06,86
P00832,Sardines,Browsebug,voucher,2455.71,47
P00833,Pork - European Side Bacon,Myworks,voucher,815.32,55
P00834,Sugar - Brown,Realfire,electronics,401.67,51
P00835,Lettuce - Lolla Rosa,Zoombox,clothing,615.41,54
P00836,Beef Wellington,Cogilith,books,4003.2,12
P00837,Port - 74 Brights,Digitube,home goods,3586.76,34
P00838,Bread - Burger,Skalith,electronics,3960.27,60
P00839,Sobe - Liz Blizz,Jaxspan,electronics,178.1,57
P00840,Beer - Camerons Cream Ale,Innojam,electronics,2285.11,32
P00841,Lamb - Ground,Dazzlesphere,electronics,461.05,0
P00842,Foil Wrap,Flipbug,voucher,2720.56,35
P00843,Tarts Assorted,Yata,home goods,2306.96,82
P00844,Beef - Cow Feet Split,Layo,clothing,143.04,90
P00845,Trueblue - Blueberry,Livefish,voucher,2946.22,69
P00846,Cleaner - Lime Away,Vitz,electronics,3273.57,11
P00847,Potatoes - Idaho 80 Count,Yata,electronics,1457.2,22
P00848,Onion Powder,Skinder,clothing,3515.79,59
P00849,Wine - Taylors Reserve,Edgeblab,electronics,2154.43,100
P00850,Jam - Apricot,Geba,home goods,3920.42,90
P00851,Peach - Halves,Skinder,home goods,1095.67,11
P00852,Capicola - Hot,Topicshots,books,3489.89,66
P00853,Coffee Cup 8oz 5338cd,Realbuzz,home goods,1169.7,67
P00854,Wanton Wrap,Trilith,home goods,3204.73,62
P00855,Muffin Mix - Chocolate Chip,Trilia,books,3292.19,70
P00856,Squeeze Bottle,Quamba,clothing,1859.53,58
P00857,Chinese Foods - Chicken,Skyba,home goods,1395.2,20
P00858,Trueblue - Blueberry 12x473ml,Quinu,books,3736.22,7
P00859,Soup - Campbells - Tomato,Meetz,home goods,255.62,26
P00860,"Wine - Sherry Dry Sack, William",Twinte,electronics,871.75,25
P00861,Pears - Anjou,Eire,clothing,2020.43,78
P00862,Bagel - Plain,Blogtags,home goods,1436.37,9
P00863,Savory,Skiba,clothing,1789.67,86
P00864,Foam Tray S2,Wikizz,home goods,676.51,34
P00865,Glass - Juice Clear 5oz 55005,Jabbercube,voucher,2496.55,88
P00866,"Asparagus - White, Canned",Photojam,home goods,4277.85,78
P00867,Container - Clear 16 Oz,Fadeo,books,1804.68,1
P00868,Lemon Grass,Mydeo,clothing,2111.22,78
P00869,Taro Root,Youspan,voucher,3366.91,5
P00870,Pepper - Chilli Seeds Mild,Babbleset,home goods,3041.85,100
P00871,Sauce Bbq Smokey,Oodoo,home goods,3195.54,61
P00872,Wine - Conde De Valdemar,Photobug,electronics,2114.86,39
P00873,Oven Mitts - 15 Inch,Agivu,home goods,4105.16,91
P00874,Cheese Cloth,Cogidoo,home goods,1264.62,69
P00875,Oyster - In Shell,Realmix,books,4112.19,25
P00876,Cognac - Courvaisier,Devpulse,voucher,2654.38,89
P00877,Wine - Jaboulet Cotes Du Rhone,Twimm,electronics,2469.69,93
P00878,Wine - Ruffino Chianti,Snaptags,electronics,2830.73,54
P00879,Sprouts - China Rose,Browsetype,voucher,612.63,44
P00880,Pimento - Canned,Eadel,home goods,3485.24,83
P00881,Bread - Calabrese Baguette,Dynava,home goods,2316.62,23
P00882,Pop - Club Soda Can,Lajo,home goods,3810.09,79
P00883,White Fish - Filets,Browsedrive,electronics,2702.7,31
P00884,Beef - Flank Steak,Photojam,clothing,1790.2,89
P00885,"Lobster - Baby, Boiled",Jabbersphere,clothing,1078.05,53
P00886,Flavouring - Rum,Linkbridge,clothing,4425.92,15
P00887,Aspic - Clear,Agivu,books,1311.19,78
P00888,Gingerale - Diet - Schweppes,Realblab,voucher,402.1,80
P00889,Kirsch - Schloss,Edgewire,voucher,998.83,48
P00890,Pepper - Pablano,Blogspan,voucher,189.26,80
P00891,Steel Wool,Lajo,voucher,1893.16,7
P00892,Cheese - Gouda Smoked,Twitterwire,clothing,2358.15,21
P00893,Mix Pina Colada,Bluejam,clothing,378.82,27
P00894,Leeks - Large,Oodoo,clothing,396.05,66
P00895,Lettuce - Belgian Endive,Leenti,home goods,3548.24,88
P00896,"Lentils - Green, Dry",Brainlounge,voucher,183.55,89
P00897,Butter - Pod,Vinte,clothing,3398.09,43
P00898,Melon - Cantaloupe,Tagchat,clothing,3484.18,59
P00899,Olive - Spread Tapenade,Skinix,books,1217.78,37
P00900,"Capon - Breast, Double, Wing On",Lazzy,books,2351.88,45
P00901,Bonito Flakes - Toku Katsuo,Zoomlounge,home goods,2690.03,82
P00902,Curry Paste - Madras,Zoovu,clothing,4163.11,85
P00903,Longos - Chicken Wings,Roodel,home goods,4543.18,65
P00904,Crackers - Graham,Yadel,voucher,3415.04,8
P00905,Herb Du Provence - Primerba,Skyndu,home goods,3774.9,65
P00906,Bread - Sour Sticks With Onion,Youfeed,voucher,1245.72,75
P00907,Crush - Cream Soda,Linkbuzz,clothing,4397.13,69
P00908,Pepper - Scotch Bonnet,Riffwire,clothing,1491.27,32
P00909,Beer - True North Lager,Feedfish,electronics,4034.4,41
P00910,"Shrimp - 16/20, Iqf, Shell On",Photospace,books,197.3,46
P00911,Pork - Suckling Pig,InnoZ,clothing,2141.08,28
P00912,"Soup - Beef Conomme, Dry",Youtags,voucher,3514.75,19
P00913,"Crab - Dungeness, Whole",Browsecat,electronics,1102.17,50
P00914,Cheese - La Sauvagine,Youfeed,electronics,104.34,77
P00915,Beer - Corona,Geba,clothing,1235.46,86
P00916,Appetizer - Chicken Satay,Shufflester,electronics,997.18,34
P00917,Couscous,Dynabox,books,2427.63,61
P00918,"Dill - Primerba, Paste",Midel,electronics,3924.35,88
P00919,Cup Translucent 9 Oz,Tavu,home goods,240.3,26
P00920,Tuna - Yellowfin,Dazzlesphere,books,4419.68,6
P00921,Bread - Sour Batard,Fadeo,home goods,4082.61,33
P00922,Ecolab - Medallion,Dabfeed,clothing,3718.84,43
P00923,Carbonated Water - Orange,Chatterpoint,home goods,115.68,96
P00924,"Wine - Red, Concha Y Toro",Vinte,clothing,124.35,16
P00925,Wine - Stoneliegh Sauvignon,Skyble,books,2754,74
P00926,"Beef - Rib Roast, Cap On",Oyondu,home goods,2048.93,66
P00927,Rosemary - Dry,Quamba,electronics,3393.44,75
P00928,Bread Crumbs - Panko,Minyx,home goods,3484.18,39
P00929,Lid - 16 Oz And 32 Oz,Thoughtbeat,home goods,3213.72,87
P00930,Wine - Soave Folonari,Jabbersphere,electronics,1903.19,11
P00931,Instant Coffee,Ainyx,voucher,3588.07,44
P00932,Monkfish Fresh - Skin Off,Livetube,clothing,3250.42,80
P00933,"Nut - Walnut, Chopped",Roomm,books,1815.2,91
P00934,Tomatoes Tear Drop Yellow,Meevee,clothing,1995.68,29
P00935,Lidsoupcont Rp12dn,Mynte,clothing,1176.89,2
P00936,"Wine - White, Concha Y Toro",Bluezoom,clothing,1236.19,62
P00937,Mustard - Dijon,Quamba,voucher,1566.36,24
P00938,Plate Foam Laminated 9in Blk,Quire,voucher,2554.5,36
P00939,"Soup - Campbells, Classic Chix",Vinte,electronics,3271.06,76
P00940,Ice Cream Bar - Oreo Sandwich,Eire,voucher,4357.16,3
P00941,Canada Dry,Abata,clothing,1182.54,3
P00942,Wine - Montecillo Rioja Crianza,Quire,clothing,3277.04,61
P00943,"Beef - Bones, Marrow",Avamm,electronics,1146.25,28
P00944,"Turkey - Whole, Fresh",Plajo,books,742.76,92
P00945,Baking Soda,Yoveo,electronics,1488.18,30
P00946,Towels - Paper / Kraft,Gabtune,electronics,1477.32,5
P00947,Pheasants - Whole,Skilith,home goods,2510.14,73
P00948,Capers - Pickled,Yabox,home goods,3931.82,13
P00949,Dawn Professionl Pot And Pan,Skinder,voucher,2821.2,18
P00950,Cheese - Shred Cheddar / Mozza,Fivebridge,voucher,2759.44,93
P00951,"Salmon - Whole, 4 - 6 Pounds",Aimbo,voucher,676.36,62
P00952,Pear - Asian,Wikido,clothing,1899.66,21
P00953,Kiwi Gold Zespri,Wordtune,home goods,622.14,97
P00954,Wine - Remy Pannier Rose,Twitterwire,home goods,4289.03,24
P00955,Cheese - Oka,Cogilith,electronics,338.88,37
P00956,Pie Filling - Cherry,Babbleblab,electronics,2187,49
P00957,Radish,Flashset,home goods,2616.13,90
P00958,Wine - Magnotta - Belpaese,Skimia,voucher,3554.49,18
P00959,Buffalo - Tenderloin,Kimia,voucher,2014.56,34
P00960,Bread - French Stick,Gigazoom,clothing,4192.61,70
P00961,Tomatoes - Hot House,Shuffledrive,clothing,1546.34,79
P00962,Eggplant - Asian,Ainyx,books,1773.12,58
P00963,Bay Leaf,Skyble,home goods,1866.7,26
P00964,Oil - Margarine,BlogXS,home goods,2106.85,78
P00965,Nantucket Cranberry Juice,Fanoodle,electronics,2691.49,45
P00966,Syrup - Chocolate,Topicstorm,clothing,830.29,17
P00967,"Halibut - Whole, Fresh",Midel,books,1653.95,9
P00968,Wine - Chateauneuf Du Pape,Skibox,books,1470.91,76
P00969,Roe - White Fish,Dabvine,home goods,4489.09,44
P00970,Food Colouring - Red,Oyondu,home goods,3093.1,33
P00971,"Juice - Apple, 1.36l",Mita,electronics,2291.93,79
P00972,"Bread - White, Sliced",Twitterbeat,electronics,266.06,62
P00973,Couscous,Trilith,clothing,2191.27,28
P00974,Bar Mix - Lemon,Rhynyx,clothing,3665.15,75
P00975,Wine - Wyndham Estate Bin 777,JumpXS,clothing,2810.73,49
P00976,Beef - Shank,Oyondu,home goods,3406.05,42
P00977,Kohlrabi,Aimbu,books,1870.72,29
P00978,Coffee - Decafenated,Devcast,home goods,2036.12,26
P00979,"Vinegar - Balsamic, White",Vipe,home goods,828.47,53
P00980,"Tart Shells - Sweet, 3",Blogtags,books,237.98,49
P00981,Bandage - Fexible 1x3,Kanoodle,home goods,1912.22,15
P00982,"Veal - Brisket, Provimi, Bone - In",Skinte,clothing,4360.62,56
P00983,Bread - 10 Grain Parisian,Jaxnation,clothing,4196.9,70
P00984,"Pepper - Paprika, Spanish",Nlounge,clothing,1522.64,89
P00985,Gatorade - Fruit Punch,Babbleopia,books,875.3,74
P00986,"Mushroom - Trumpet, Dry",Shufflester,clothing,4473.35,20
P00987,"Wine - Red, Wolf Blass, Yellow",Topicshots,clothing,4152.48,92
P00988,"Juice - Apple, 341 Ml",Gigazoom,books,2169.08,45
P00989,Milk - 2% 250 Ml,Kimia,electronics,1767.1,93
P00990,Chips - Potato Jalapeno,Centimia,clothing,3958.73,56
P00991,Grapes - Red,Roomm,clothing,2135.13,87
P00992,Jolt Cola - Electric Blue,Wordtune,books,4362.17,78
P00993,Evaporated Milk - Skim,Skimia,home goods,3790.03,30
P00994,Onions - Red,Blogspan,books,945.39,39
P00995,Honey - Liquid,Realcube,home goods,989.97,36
P00996,Sunflower Seed Raw,Oozz,clothing,958.6,26
P00997,Tobasco Sauce,Zoomdog,electronics,2008.34,6
P00998,Lady Fingers,Oyonder,electronics,2256.8,59
P00999,Prunes - Pitted,Buzzshare,clothing,4396.86,3
P01000,Sugar - Monocystal / Rock,Nlounge,books,1418.89,78